year,cpi
2010,100.0
2011,114.02249130147
2012,124.715258324443
2013,131.845845200422
2014,140.914406784821
2015,150.189610460249
2016,159.647425011301
2017,172.428238576216
2018,180.514789261214
2019,189.973110678512
2020,200.241465217838
2021,212.472085832078
2022,228.747155845931
2023,246.295256788022
2024,257.35339300785
2025,267.825434002955
